{"_runtime":94.15080443,"_step":49991680,"Reward":2065.099853515625,"_timestamp":1.7350531865795205e+09,"_wandb":{"runtime":94}}