{"_runtime":35.48969965,"_step":499616,"_wandb":{"runtime":35},"Reward":-81,"_timestamp":1.7352328089548862e+09}