{"_runtime":166.150074023,"_step":49987584,"_wandb":{"runtime":166},"Reward":2257.76513671875,"_timestamp":1.7350534285854294e+09}