{"_wandb":{"runtime":22},"Reward":368.4363098144531,"_timestamp":1.7350532534370728e+09,"_runtime":22.848912774,"_step":655360}