{"_runtime":108.580014858,"_step":19988480,"_wandb":{"runtime":108},"Reward":1027.2222900390625,"_timestamp":1.7350518040030491e+09}