{"_runtime":20.740116805,"_step":499528,"Reward":500,"_timestamp":1.7352331707170072e+09,"_wandb":{"runtime":20}}