{"_runtime":39.914153735,"_step":997280,"_wandb":{"runtime":39},"Reward":1863.9052734375,"_timestamp":1.735061175888055e+09}