{"_timestamp":1.7350529921939406e+09,"_runtime":54.913349331,"_step":4034560,"_wandb":{"runtime":54},"Reward":1317.6922607421875}