{"_wandb":{"runtime":31},"_timestamp":1.7352331413477829e+09,"_runtime":31.16816623,"_step":499516,"Reward":500}