{"_runtime":349.80940028,"_step":49991680,"_wandb":{"runtime":349},"Reward":1438.6368408203125,"_timestamp":1.7350522357782047e+09}