{"_timestamp":1.735053046592287e+09,"_runtime":50.977200245,"_wandb":{"runtime":50},"_step":19984384,"Reward":1803.552001953125}