{"_timestamp":1.735061480806233e+09,"_runtime":256.380175334,"_step":9993056,"_wandb":{"runtime":256},"Reward":2549.6923828125}