{"Reward":-110,"_timestamp":1.735233039622463e+09,"_wandb":{"runtime":50},"_runtime":50.809248516,"_step":499640}