{"Reward":-86,"_timestamp":1.7352328538806927e+09,"_runtime":24.812034493,"_step":499620,"_wandb":{"runtime":24}}