{"Reward":1438.6368408203125,"_timestamp":1.7350527134433513e+09,"_runtime":350.556950998,"_step":49991680,"_wandb":{"runtime":350}}