{"_runtime":24.932806272,"_wandb":{"runtime":24},"_step":499620,"Reward":-86,"_timestamp":1.7352330720001888e+09}