{"_step":999165,"_wandb":{"runtime":675},"Reward":2097.018798828125,"_timestamp":1.735060757657967e+09,"_runtime":675.179054817}